USE beauty_shop;

-- Заполнение таблицы role_of_user
INSERT INTO role_of_user (role_id, role_name) VALUES
(1, 'Администратор'),
(2, 'Покупатель');


-- Заполнение таблицы users
INSERT INTO users (
    user_id, first_name, last_name, email, phone, password_hash, registration_date, role_id
) VALUES
(1, 'Тога', 'Химико', 'togahere@mail.ru', '+79001112233', 'hash_toga_123', '2026-01-10 10:15:00', 2),
(2, 'Мария', 'Потебенько', 'maria@mail.ru', '+79002223344', 'hash_maria_123', '2026-01-12 11:20:00', 2),
(3, 'Мегуми', 'Фушигуро', 'megumi@mail.ru', '+79003334455', 'hash_megumi_123', '2026-01-15 14:30:00', 2),
(4, 'Юта', 'Оккоцу', 'yuta_jjk@mail.ru', '+79004445566', 'hash_yuta_123', '2026-01-18 16:45:00', 2),
(5, 'Наруто', 'Узумаки', 'naruto@mail.ru', '+79005556677', 'hash_naruto_123', '2026-01-20 09:10:00', 2),
(6, 'Бакуго', 'Кацуки', 'bakugo@mail.ru', '+79006667788', 'hash_bakugo_123', '2026-01-23 13:25:00', 2),
(7, 'Админ', 'Системный', 'admin@beauty-shop.ru', '+79007778899', 'hash_admin_123', '2026-01-01 08:00:00', 1);


-- Заполнение таблицы cart
INSERT INTO cart (cart_id, creation_date, update_date, user_id) VALUES
(1, '2026-01-10 10:20:00', '2026-01-10 10:35:00', 1),
(2, '2026-01-12 11:30:00', '2026-01-12 11:45:00', 2),
(3, '2026-01-15 14:40:00', '2026-01-15 15:00:00', 3),
(4, '2026-01-18 17:00:00', '2026-01-18 17:10:00', 4),
(5, '2026-01-20 09:20:00', '2026-01-20 09:40:00', 5),
(6, '2026-01-23 13:30:00', '2026-01-23 13:50:00', 6);


-- Заполнение таблицы order_status
INSERT INTO order_status (status_id, status_name, status_description) VALUES
(1, 'Оформлен', 'Заказ создан пользователем и ожидает обработки'),
(2, 'Оплачен', 'Заказ оплачен покупателем'),
(3, 'Собирается', 'Товары по заказу собираются на складе'),
(4, 'Доставляется', 'Заказ передан в доставку'),
(5, 'Завершен', 'Заказ успешно получен покупателем'),
(6, 'Отменен', 'Заказ был отменен');


-- Заполнение таблицы payment_method
INSERT INTO payment_method (payment_method_id, payment_method_name) VALUES
(1, 'Банковская карта'),
(2, 'Онлайн-оплата'),
(3, 'Наличные при получении'),
(4, 'СБП');


-- Заполнение таблицы brand
INSERT INTO brand (brand_id, brand_name, brand_country, brand_description) VALUES
(1, 'L’Oreal Paris', 'Франция', 'Бренд декоративной и уходовой косметики'),
(2, 'Maybelline New York', 'США', 'Бренд декоративной косметики'),
(3, 'Nivea', 'Германия', 'Бренд средств для ухода за кожей'),
(4, 'Garnier', 'Франция', 'Бренд средств для ухода за волосами и кожей'),
(5, 'Dior', 'Франция', 'Бренд парфюмерии и косметики премиум-класса'),
(6, 'Estel', 'Россия', 'Бренд профессиональной косметики для волос'),
(7, 'Librederm', 'Россия', 'Бренд аптечной косметики для ухода за кожей');


-- Заполнение таблицы product_category
INSERT INTO product_category (category_id, category_name, category_description) VALUES
(1, 'Парфюмерия', 'Духи, туалетная вода и парфюмированные средства'),
(2, 'Макияж', 'Средства декоративной косметики для лица, глаз и губ'),
(3, 'Уход за волосами', 'Шампуни, маски, бальзамы и масла для волос'),
(4, 'Уход за лицом', 'Кремы, сыворотки, очищающие средства и маски для лица'),
(5, 'Уход за телом', 'Лосьоны, кремы, гели и другие средства для тела'),
(6, 'Аксессуары', 'Кисти, спонжи, косметички и другие аксессуары');


-- Заполнение таблицы product_subcategory
INSERT INTO product_subcategory (
    subcategory_id, subcategory_name, subcategory_description, category_id
) VALUES
(1, 'Женская парфюмерия', 'Парфюмерные товары для женщин', 1),
(2, 'Мужская парфюмерия', 'Парфюмерные товары для мужчин', 1),
(3, 'Тональные средства', 'Тональные кремы, консилеры и пудры', 2),
(4, 'Для женщин', 'Средства ухода за волосами для женщин', 3),
(5, 'Для мужчин', 'Средства ухода за волосами для мужчин', 3),
(6, 'Для детей', 'Средства ухода за волосами для детей', 3),
(7, 'Кремы для лица', 'Увлажняющие и питательные кремы для лица', 4);


-- Заполнение таблицы product
INSERT INTO product (
    product_id, product_name, product_description, composition, purpose,
    skin_type, price, stock_quantity, product_image, brand_id, subcategory_id
) VALUES
(1, 'Dior J’adore Eau de Parfum', 'Женская парфюмерная вода с цветочным ароматом', 'Цветочные ноты, жасмин, иланг-иланг', 'Парфюмерия', NULL, 12500.00, 12, 'jadore.jpg', 5, 1),
(2, 'Dior Sauvage Eau de Toilette', 'Мужская туалетная вода со свежим древесным ароматом', 'Бергамот, перец, амброксан', 'Парфюмерия', NULL, 11800.00, 9, 'sauvage.jpg', 5, 2),
(3, 'Maybelline Fit Me Foundation', 'Тональный крем для выравнивания тона кожи', 'Вода, пигменты, увлажняющие компоненты', 'Макияж лица', 'Комбинированная', 850.00, 35, 'fit_me.jpg', 2, 3),
(4, 'L’Oreal Paris True Match', 'Тональное средство с легкой текстурой', 'Пигменты, глицерин, витамин E', 'Макияж лица', 'Все типы кожи', 980.00, 28, 'true_match.jpg', 1, 3),
(5, 'Garnier Fructis Шампунь Рост во всю силу', 'Шампунь для укрепления женских волос', 'Фруктовый концентрат, витамины группы B', 'Уход за волосами', NULL, 420.00, 40, 'fructis_women.jpg', 4, 4),
(6, 'Estel Alpha Homme Шампунь', 'Шампунь для ежедневного ухода за мужскими волосами', 'Пантенол, ментол, очищающие компоненты', 'Уход за волосами', NULL, 560.00, 22, 'estel_men.jpg', 6, 5),
(7, 'Nivea Детский шампунь', 'Мягкий шампунь для детских волос', 'Мягкие ПАВ, ромашка, вода', 'Уход за волосами', NULL, 390.00, 18, 'nivea_kids.jpg', 3, 6);


-- Заполнение таблицы delivery_address
INSERT INTO delivery_address (address_id, city, street, house, apartment) VALUES
(1, 'Москва', 'Тверская', '10', '25'),
(2, 'Москва', 'Арбат', '15', '8'),
(3, 'Санкт-Петербург', 'Невский проспект', '22', '14'),
(4, 'Казань', 'Баумана', '7', '31'),
(5, 'Екатеринбург', 'Ленина', '45', '12'),
(6, 'Новосибирск', 'Красный проспект', '60', '44');


-- Заполнение таблицы orders
INSERT INTO orders (
    order_id, order_date, total_amount, user_id, status_id, payment_method_id, delivery_address_id
) VALUES
(1, '2026-02-01 12:10:00', 13350.00, 1, 5, 1, 1),
(2, '2026-02-03 15:25:00', 11800.00, 2, 4, 2, 2),
(3, '2026-02-05 10:40:00', 1830.00, 3, 3, 1, 3),
(4, '2026-02-07 17:15:00', 420.00, 4, 2, 4, 4),
(5, '2026-02-10 09:50:00', 950.00, 5, 1, 3, 5),
(6, '2026-02-12 14:05:00', 390.00, 6, 5, 1, 6),
(7, '2026-02-15 18:30:00', 12500.00, 1, 6, 2, 1);


-- Заполнение таблицы cart_item
INSERT INTO cart_item (cart_item_id, cart_id, product_id, product_quantity) VALUES
(1, 1, 3, 1),
(2, 1, 5, 2),
(3, 2, 2, 1),
(4, 3, 4, 1),
(5, 4, 5, 1),
(6, 5, 6, 1),
(7, 6, 7, 2);


-- Заполнение таблицы order_item
INSERT INTO order_item (
    order_item_id, order_id, product_id, product_quantity, product_price_at_order
) VALUES
(1, 1, 1, 1, 12500.00),
(2, 1, 3, 1, 850.00),
(3, 2, 2, 1, 11800.00),
(4, 3, 3, 1, 850.00),
(5, 3, 4, 1, 980.00),
(6, 4, 5, 1, 420.00),
(7, 5, 6, 1, 560.00),
(8, 5, 7, 1, 390.00),
(9, 6, 7, 1, 390.00),
(10, 7, 1, 1, 12500.00);